episode,reward,success_rate
1,-19.58950112760067,False
2,-20.621237620711327,False
3,-14.419744029641151,False
4,-0.0495200976729393,True
5,-4.008640885353088,True
6,-12.82825692743063,False
7,-27.772301644086838,False
8,-11.823325753211975,False
9,-16.146532729268074,False
10,-6.819890383630991,True
11,-14.994453743100166,False
12,-16.10932368040085,False
13,-14.78259553015232,False
14,-0.13929281011223793,True
15,-12.172815561294556,False
16,-15.226203218102455,False
17,-20.1140718460083,False
18,-13.845667228102684,False
19,-7.32137044519186,False
20,-12.611692667007446,False
21,-6.203332494944334,False
22,-14.518057689070702,False
23,-14.248911879956722,False
24,-14.235907807946205,False
25,-1.8856132477521896,True
26,-12.066182918846607,False
27,-19.44776637852192,False
28,-10.896965563297272,False
29,-12.902549527585506,False
30,-14.606405906379223,False
31,-0.6473647244274616,True
32,-0.16216955706477165,True
33,-11.980648882687092,False
34,-10.007145904004574,False
35,-18.427799627184868,False
36,-8.923718068748713,False
37,-15.517934158444405,False
38,-14.18535989522934,False
39,-8.686500370502472,False
40,-11.745488949120045,False
41,-12.677575513720512,False
42,-11.010191939771175,False
43,-9.928774122148752,False
44,-14.429293312132359,False
45,-8.18228454142809,False
46,-0.9660285376012325,True
47,-15.85354533791542,False
48,-0.17686624825000763,True
49,-20.00984003394842,False
50,-12.626788973808289,False
51,-10.374298952519894,False
52,-12.99534960091114,False
53,-11.436270117759705,False
54,-11.378071255981922,False
55,-8.486154615879059,False
56,-11.004439420998096,False
57,-10.500628367066383,False
58,-2.555930722504854,True
59,-17.807953611016273,False
60,-14.967982545495033,False
61,-7.869684770703316,False
62,-0.026969369500875473,True
63,-13.649146392941475,False
64,-13.651630818843842,False
65,-14.034168794751167,False
66,-12.648578405380249,False
67,-11.94080926477909,False
68,-15.377377077937126,False
69,-13.888499222695827,False
70,-12.47650283575058,False
71,-10.64563538134098,False
72,-13.935998409986496,False
73,-19.139207884669304,False
74,-11.119661003351212,False
75,-14.604382827877998,False
76,-12.383439414203167,False
77,-14.253824591636658,False
78,-0.8597087040543556,True
79,-13.771537095308304,False
80,-13.388280808925629,False
81,-18.603360444307327,False
82,-12.88681510090828,False
83,-14.362597316503525,False
84,-1.478156853467226,True
85,-16.812734499573708,False
86,-8.976508162915707,False
87,-7.7929654233157635,False
88,-12.435870043933392,False
89,-9.66548976674676,False
90,-15.231558069586754,False
91,-12.257400952279568,False
92,-14.174437433481216,False
93,-13.137666024267673,False
94,-10.539273656904697,False
95,-15.917157620191574,False
96,-0.5053102504462004,True
97,-11.976201876997948,False
98,-10.995484806597233,False
99,-20.591214537620544,False
100,-22.284236058592796,False
101,-10.06915545463562,False
102,-7.799657054245472,False
103,-9.180168852210045,False
104,-8.380646325647831,False
105,-16.372038915753365,False
106,-14.465644031763077,False
107,-11.584959968924522,False
108,-16.577469795942307,False
109,-11.987438693642616,False
110,-13.939710475504398,False
111,-0.3176308758556843,True
112,-7.89806217327714,False
113,-8.33718802779913,False
114,-11.127825900912285,False
115,-16.943460643291473,False
116,-13.18594379723072,False
117,-12.529172107577324,False
118,-18.701036758720875,False
119,-14.987818524241447,False
120,-6.561815902590752,False
121,-12.108644507825375,False
122,-7.796240963041782,False
123,-7.064951699227095,True
124,-2.8828410506248474,True
125,-13.518365859985352,False
126,-16.060100093483925,False
127,-9.415617726743221,False
128,-13.597648210823536,False
129,-18.07600963115692,False
130,-13.654807835817337,False
131,-0.033431749790906906,True
132,-15.326572433114052,False
133,-21.159330151975155,False
134,-13.788881085813046,False
135,-13.276201754808426,False
136,-11.178732268512249,False
137,-17.564241036772728,False
138,-13.939456447958946,False
139,-18.38888953626156,False
140,-0.27512693405151367,True
141,-14.48667848110199,False
142,-0.12518000602722168,True
143,-0.6049869954586029,True
144,-12.892672538757324,False
145,-15.203881964087486,False
146,-19.012083545327187,False
147,-6.781097367405891,False
148,-13.973658755421638,False
149,-19.207619942724705,False
150,-10.706700190901756,False
151,-16.921379424631596,False
152,-13.81580176204443,False
153,-9.744247406721115,False
154,-0.4096687100827694,True
155,-2.4394692070782185,True
156,-16.834666967391968,False
157,-12.688770040869713,False
158,-0.23750119656324387,True
159,-15.819171965122223,False
160,-3.962290871888399,True
161,-15.824057847261429,False
162,-12.024536088109016,False
163,-14.489722236990929,False
164,-9.587508648633957,False
165,-9.065819047391415,False
166,-11.265193045139313,False
167,-11.499088764190674,False
168,-8.061855249106884,False
169,-0.4155830033123493,True
170,-14.597676381468773,False
171,-19.354523181915283,False
172,-15.261378690600395,False
173,-3.350218016654253,True
174,-9.317419245839119,False
175,-11.877496138215065,False
176,-0.2563963308930397,True
177,-11.803161539137363,False
178,-10.785919107496738,False
179,-0.8963997475802898,True
180,-14.618236690759659,False
181,-12.611827686429024,False
182,-7.161493137478828,False
183,-0.635392390191555,True
184,-18.969619676470757,False
185,-13.489566519856453,False
186,-11.857575796544552,False
187,-11.176387950778008,False
188,-0.26624225452542305,True
189,-6.955379329621792,False
190,-10.141840286552906,False
191,-12.285564094781876,False
192,-0.04108757525682449,True
193,-23.611398339271545,False
194,-13.72474554926157,False
195,-11.190134555101395,False
196,-6.31170192733407,False
197,-13.100635901093483,False
198,-11.939495898783207,False
199,-17.413223642855883,False
200,-15.475367598235607,False
201,-10.833489865064621,False
202,-11.191024757921696,False
203,-7.106581911444664,False
204,-11.237296804785728,False
205,-16.82288195192814,False
206,-7.860234096646309,False
207,-15.806772235780954,False
208,-0.03189105540513992,True
209,-12.005825631320477,False
210,-14.295212060213089,False
211,-10.688148275017738,False
212,-0.1616295576095581,True
213,-8.459871336817741,False
214,-14.064813673496246,False
215,-19.81728008389473,False
216,-20.76616381108761,False
217,-12.57257254421711,False
218,-22.809133499860764,False
219,-9.99198667705059,False
220,-10.108887162059546,False
221,-13.519087955355644,False
222,-13.733433917164803,False
223,-14.849295273423195,False
224,-19.1997053027153,False
225,-13.250904008746147,False
226,-0.11476627737283707,True
227,-11.605830878019333,False
228,-11.151101216673851,False
229,-7.04511446505785,False
230,-12.799122229218483,False
231,-8.786801539361477,False
232,-0.03054172173142433,True
233,-8.666118197143078,False
234,-24.304728150367737,False
235,-9.474152065813541,False
236,-10.74231392890215,False
237,-16.9942726790905,False
238,-13.637016646564007,False
239,-17.062383264303207,False
240,-7.309096597135067,False
241,-16.80070909112692,False
242,-14.632388889789581,False
243,-16.646124858409166,False
244,-9.95864051580429,False
245,-9.148568294942379,False
246,-17.6942745372653,False
247,-0.04174578934907913,True
248,-14.264584094285965,False
249,-10.537589997053146,False
250,-22.023720532655716,False
251,-0.5964607298374176,True
252,-12.650599390268326,False
253,-0.8505002036690712,True
254,-11.86684861779213,False
255,-14.158442959189415,False
256,-0.0360853336751461,True
257,-14.14721292257309,False
258,-12.389036774635315,False
259,-12.937141086906195,False
260,-13.403946533799171,False
261,-14.002293348312378,False
262,-7.82332530990243,False
263,-17.150189369916916,False
264,-10.940711475908756,False
265,-22.273774176836014,False
266,-11.449540294706821,False
267,-9.634017154574394,False
268,-10.520167663693428,False
269,-15.342955440282822,False
270,-6.781266041100025,False
271,-10.475536324083805,False
272,-8.925926771014929,False
273,-11.879715040326118,False
274,-15.110802337527275,False
275,-10.257956705987453,False
276,-13.530452210456133,False
277,-0.5463124737143517,True
278,-14.190879665315151,False
279,-7.005319364368916,False
280,-0.33482182025909424,True
281,-25.471435949206352,False
282,-13.465418696403503,False
283,-12.524954319000244,False
284,-15.460169337689877,False
285,-11.923240661621094,False
286,-11.84970836341381,False
287,-0.36397170275449753,True
288,-10.435736045241356,False
289,-10.550567224621773,False
290,-7.5879586935043335,False
291,-0.04982491210103035,True
292,-12.177474573254585,False
293,-0.47676097229123116,True
294,-11.295286133885384,False
295,-16.179727591574192,False
296,-1.8450366295874119,True
297,-0.7928357049822807,True
298,-7.014200732111931,False
299,-7.389109715819359,False
300,-12.96057042479515,False
301,-12.286007523536682,False
302,-9.115729857236147,False
303,-12.2089192122221,False
304,-1.0325396694242954,True
305,-17.920243069529533,False
306,-7.204762294888496,False
307,-8.670663475990295,False
308,-18.35976892709732,False
309,-10.6538704931736,False
310,-18.487398132681847,False
311,-17.16691318154335,False
312,-10.541894137859344,False
313,-0.2186870165169239,True
314,-8.732397761195898,False
315,-16.441464468836784,False
316,-12.230517610907555,False
317,-11.961366340517998,False
318,-16.494961127638817,False
319,-13.722135290503502,False
320,-15.601933285593987,False
321,-16.45007223635912,False
322,-14.949040785431862,False
323,-3.384781723842025,True
324,-5.846140623092651,False
325,-0.9383857287466526,True
326,-14.281991183757782,False
327,-15.550026789307594,False
328,-16.155505672097206,False
329,-0.04495203122496605,True
330,-20.44107536971569,False
331,-11.650883838534355,False
332,-6.681793440133333,False
333,-14.062999367713928,False
334,-0.08628635667264462,True
335,-0.8609964400529861,True
336,-11.256238967180252,False
337,-17.001074224710464,False
338,-0.09722138941287994,True
339,-12.513097658753395,False
340,-11.620132178068161,False
341,-14.83053170517087,False
342,-7.6604721918702126,False
343,-7.685003459453583,False
344,-18.92335882782936,False
345,-9.903808817267418,False
346,-18.434324234724045,False
347,-12.239796459674835,False
348,-16.031669721007347,False
349,-12.730741515755653,False
350,-15.639388538897038,False
351,-10.529202952980995,False
352,-1.2251621223986149,True
353,-14.219778142869473,False
354,-12.774557255208492,False
355,-0.9047978110611439,True
356,-12.778583690524101,False
357,-14.29209578037262,False
358,-16.167519494891167,False
359,-0.31224215030670166,True
360,-12.412474974989891,False
361,-11.863177508115768,False
362,-18.8107520788908,False
363,-15.262177154421806,False
364,-7.996259965002537,False
365,-0.7187933512032032,True
366,-3.2989710085093975,True
367,-13.858603656291962,False
368,-9.220707565546036,False
369,-0.897270929068327,True
370,-13.599500611424446,False
371,-12.974360540509224,False
372,-10.603985268622637,False
373,-10.013055860996246,False
374,-9.934476848691702,False
375,-21.02717497944832,False
376,-10.368411511182785,False
377,-13.534050785005093,False
378,-2.162815732881427,True
379,-17.326739862561226,False
380,-16.42123994231224,False
381,-10.28376741707325,False
382,-17.99918942898512,False
383,-26.8714419901371,False
384,-0.017213836312294006,True
385,-5.308910459280014,True
386,-9.692560091614723,False
387,-9.186307396739721,True
388,-13.39939235150814,False
389,-15.851375132799149,False
390,-12.632490746676922,False
391,-12.654546216130257,False
392,-13.26985976099968,False
393,-12.344395250082016,False
394,-13.400969922542572,False
395,-10.633411265909672,False
396,-0.6173603869974613,True
397,-10.920535385608673,False
398,-20.82815170288086,False
399,-13.324078626930714,False
400,-13.114351950585842,False
401,-8.465130999684334,False
402,-9.972381487488747,False
403,-18.330785155296326,False
404,-13.852100133895874,False
405,-13.806586168706417,False
406,-13.450783967971802,False
407,-11.24809430167079,False
408,-0.2964509595185518,True
409,-16.548079192638397,False
410,-4.281961984932423,True
411,-8.598081529140472,False
412,-13.5678226724267,False
413,-15.266378596425056,False
414,-6.260785922408104,False
415,-9.070499710738659,False
416,-21.484199166297913,False
417,-11.568957053124905,False
418,-15.830267950892448,False
419,-0.02395474724471569,True
420,-1.693716138601303,True
421,-16.766967803239822,False
422,-0.5358302295207977,True
423,-12.406750597059727,False
424,-12.14235083758831,False
425,-15.500081419944763,False
426,-15.19741302728653,False
427,-9.024300217628479,False
428,-11.653037026524544,False
429,-17.623425155878067,False
430,-2.37197033315897,True
431,-14.73194108903408,False
432,-13.792014434933662,False
433,-16.732203036546707,False
434,-15.571443378925323,False
435,-14.655801653862,False
436,-13.919866248965263,False
437,-0.9553231410682201,True
438,-10.654394701123238,False
439,-1.3192940466105938,True
440,-17.435832612216473,False
441,-3.8732787258923054,True
442,-15.101608976721764,False
443,-14.64187017083168,False
444,-9.986784890294075,False
445,-0.04230921342968941,True
446,-1.8053800091147423,True
447,-10.28494118899107,False
448,-15.53253311663866,False
449,-20.98287456482649,False
450,-8.83890500664711,False
451,-11.488250810652971,False
452,-16.207954555749893,False
453,-13.458414182066917,False
454,-12.066404290497303,False
455,-14.407582327723503,False
456,-11.527778051793575,False
457,-15.530118241906166,False
458,-11.671030826866627,False
459,-15.158421233296394,False
460,-12.47135354578495,False
461,-14.325481235980988,False
462,-14.626216813921928,False
463,-11.374775610864162,False
464,-7.0137940645217896,False
465,-8.091048993170261,True
466,-10.85868701338768,False
467,-9.939803496003151,False
468,-22.09793311357498,False
469,-16.407629065215588,False
470,-13.38235929608345,False
471,-17.327306002378464,False
472,-21.436143159866333,False
473,-10.669942125678062,False
474,-10.308973371982574,False
475,-11.09493513777852,False
476,-1.435080274939537,True
477,-10.740938425064087,False
478,-13.227600812911987,False
479,-8.587453879415989,False
480,-14.390605568885803,False
481,-19.256055660545826,False
482,-9.94495576620102,False
483,-11.611992537975311,False
484,-20.605574995279312,False
485,-18.40620008111,False
486,-22.034270003437996,False
487,-9.157767318189144,False
488,-0.19371281936764717,True
489,-14.958580143749714,False
490,-15.763296395540237,False
491,-6.336549274623394,False
492,-16.376134991645813,False
493,-16.30837570130825,False
494,-11.165203496813774,False
495,-18.921261310577393,False
496,-9.066305860877037,False
497,-14.027841791510582,False
498,-8.670997619628906,False
499,-0.2822943478822708,True
500,-13.873886317014694,False
501,-12.690700352191925,False
502,-17.391646653413773,False
503,-10.90606191009283,False
504,-13.156119391322136,False
505,-7.533072605729103,False
506,-14.515782110393047,False
507,-0.02861625887453556,True
508,-13.23510591685772,False
509,-0.4871301092207432,True
510,-10.236409530043602,False
511,-11.812177784740925,False
512,-9.660793662071228,False
513,-0.7036509215831757,True
514,-10.846682041883469,False
515,-8.931387960910797,False
516,-11.586377762258053,False
517,-14.567646071314812,False
518,-18.187861889600754,False
519,-11.892043709754944,False
520,-16.39337521791458,False
521,-13.44655330479145,False
522,-14.314614310860634,False
523,-10.891993016004562,False
524,-12.356012925505638,False
525,-17.15244270861149,False
526,-6.235161643475294,True
527,-7.024669200181961,False
528,-17.784489199519157,False
529,-8.92503609508276,False
530,-12.115268141031265,False
531,-12.567823112010956,False
532,-14.638062715530396,False
533,-10.309576526284218,False
534,-18.004970490932465,False
535,-5.606103336438537,True
536,-17.04082064330578,False
537,-12.502310395240784,False
538,-2.8837353214621544,True
539,-0.836061954498291,True
540,-6.377899121493101,False
541,-13.976250641047955,False
542,-14.902929946780205,False
543,-11.782473877072334,False
544,-11.401954904198647,False
545,-9.890252135694027,False
546,-22.019367173314095,False
547,-14.515628904104233,False
548,-21.000593289732933,False
549,-3.321163259446621,True
550,-12.424723461270332,False
551,-16.0810804143548,False
552,-13.30484077334404,False
553,-12.133026208728552,True
554,-15.58841960132122,False
555,-10.715839006006718,False
556,-12.507304519414902,False
557,-13.386503621935844,False
558,-9.286698319017887,False
559,-0.5566208958625793,True
560,-15.472457602620125,False
561,-13.160806976258755,False
562,-10.860539063811302,True
563,-14.21600003913045,False
564,-18.41226577013731,False
565,-17.053220853209496,False
566,-16.049367785453796,False
567,-5.651041850447655,True
568,-7.559163182973862,False
569,-20.277018405497074,False
570,-14.344258204102516,False
571,-14.66075311601162,False
572,-18.81004187464714,False
573,-15.986663028597832,False
574,-12.551879607141018,False
575,-0.9889590889215469,True
576,-6.604862544685602,True
577,-18.975459404289722,False
578,-17.65940809994936,False
579,-7.383002519607544,True
580,-10.010098479688168,False
581,-10.556925125420094,False
582,-18.709056168794632,False
583,-17.188162937760353,False
584,-24.55508801341057,False
585,-6.660928927361965,False
586,-9.664682686328888,False
587,-0.09769603982567787,True
588,-12.863504633307457,False
589,-0.3275929316878319,True
590,-15.241821274161339,False
591,-9.39358314871788,False
592,-12.226466968655586,False
593,-14.918919458985329,False
594,-1.895440611988306,True
595,-7.336952731013298,False
596,-8.29108390212059,False
597,-13.891733914613724,False
598,-1.180134978145361,True
599,-17.08550862967968,False
600,-5.453439245000482,True
601,-10.453463643789291,False
602,-13.433485090732574,False
603,-6.408566053956747,False
604,-15.258631706237793,False
605,-14.067701607942581,False
606,-11.589740045368671,False
607,-9.228217124938965,False
608,-15.564632549881935,False
609,-16.475382290780544,False
610,-14.233323618769646,False
611,-15.90243747830391,False
612,-13.077982503920794,False
613,-1.0772716011852026,True
614,-6.507050786167383,True
615,-16.180110558867455,False
616,-13.0787193775177,False
617,-11.672755643725395,False
618,-20.545127525925636,False
619,-12.622208051383495,False
620,-9.027766659855843,False
621,-10.052126124501228,False
622,-0.4139428101480007,True
623,-11.76915355026722,False
624,-15.275675028562546,False
625,-15.950566038489342,False
626,-8.087281756103039,False
627,-8.279377579689026,False
628,-10.73407045006752,False
629,-16.73893879354,False
630,-0.12078802287578583,True
631,-19.824525237083435,False
632,-2.204936858266592,True
633,-17.11757779121399,False
634,-10.309640534222126,False
635,-16.853394523262978,False
636,-8.324171170592308,False
637,-12.994227886199951,False
638,-12.320496208965778,False
639,-13.933852404356003,False
640,-9.482683628797531,False
641,-11.825336702167988,False
642,-11.227100737392902,False
643,-7.686202310025692,False
644,-0.24792050570249557,True
645,-7.841681316494942,False
646,-11.175640977919102,False
647,-14.256929710507393,False
648,-12.396490216255188,False
649,-1.8526356667280197,True
650,-0.21124523505568504,True
651,-7.357970274984837,False
652,-14.466997861862183,False
653,-8.61869178712368,False
654,-16.05023207515478,False
655,-15.241500690579414,False
656,-12.443080618977547,False
657,-7.922743182629347,True
658,-14.64671978354454,False
659,-13.573996737599373,False
660,-14.013176463544369,False
661,-12.965492077171803,False
662,-14.3328677713871,False
663,-19.985655263066292,False
664,-11.569753412157297,False
665,-0.801501801237464,True
666,-9.428681582212448,False
667,-19.82473188638687,False
668,-11.280022405087948,False
669,-13.120065733790398,False
670,-0.1266869306564331,True
671,-6.5377598367631435,False
672,-13.665379777550697,False
673,-8.391050644218922,False
674,-8.738995015621185,False
675,-0.015095454640686512,True
676,-14.051174953579903,False
677,-14.545936077833176,False
678,-11.349522680044174,False
679,-14.691271424293518,False
680,-9.370015881955624,False
681,-12.893678657710552,False
682,-0.03568822890520096,True
683,-19.285483568906784,False
684,-20.06502416729927,False
685,-10.690149083733559,False
686,-9.005567409098148,False
687,-9.561909541487694,False
688,-0.31721027940511703,True
689,-10.37030716240406,False
690,-12.677563033998013,False
691,-0.021970152854919434,True
692,-7.346903949975967,False
693,-8.342325396835804,False
694,-9.72055272012949,False
695,-12.239772774279118,False
696,-0.9802141133695841,True
697,-0.12240718677639961,True
698,-11.434847548604012,False
699,-15.330276191234589,False
700,-12.81396508961916,False
701,-10.273652032017708,False
702,-9.376186057925224,False
703,-15.424690663814545,False
704,-8.669567942619324,False
705,-19.522770643234253,False
706,-10.890661180019379,False
707,-9.899532280862331,False
708,-10.910266101360321,False
709,-13.816369235515594,False
710,-10.804290845990181,False
711,-9.14352060854435,False
712,-12.220939762890339,False
713,-15.68437297642231,False
714,-10.743842385709286,False
715,-0.25450973212718964,True
716,-0.1845129206776619,True
717,-2.3052543848752975,True
718,-9.57633838057518,False
719,-10.057723604142666,False
720,-0.1666305847465992,True
721,-16.3210571706295,False
722,-16.327978745102882,False
723,-0.04899043217301369,True
724,-11.615467555820942,False
725,-8.39258687198162,False
726,-14.697013009339571,False
727,-15.67150691151619,False
728,-11.604400999844074,False
729,-18.79774570465088,False
730,-17.682417824864388,False
731,-14.371820852160454,False
732,-0.41795244067907333,True
733,-8.971006102859974,True
734,-1.239289715886116,True
735,-11.05158170312643,False
736,-0.04346366971731186,True
737,-7.415639713406563,False
738,-11.867618843913078,False
739,-17.53744402527809,False
740,-14.401869416236877,False
741,-7.080161347985268,False
742,-14.853968620300293,False
743,-10.501085557043552,False
744,-11.383867613971233,False
745,-9.458473332226276,False
746,-14.618617802858353,False
747,-13.538567811250687,False
748,-11.471142649650574,False
749,-17.558544874191284,False
750,-13.574291437864304,False
751,-15.129517048597336,False
752,-11.195494882762432,False
753,-19.179199762642384,False
754,-13.115416534245014,False
755,-11.50082080066204,False
756,-12.551402170211077,False
757,-10.419670335948467,False
758,-11.420960664749146,False
759,-3.888679441064596,True
760,-0.13822001218795776,True
761,-16.13693769276142,False
762,-16.01746764779091,False
763,-6.692638762295246,False
764,-18.169054798781872,False
765,-19.417894780635834,False
766,-12.2466961145401,False
767,-0.49642009660601616,True
768,-17.318189039826393,False
769,-8.971570454537868,False
770,-17.017514623701572,False
771,-7.287616357207298,False
772,-0.9692109785974026,True
773,-8.84469998627901,False
774,-1.5161572098731995,True
775,-11.00869508087635,False
776,-16.874218121170998,False
777,-0.012310409918427467,True
778,-0.6204806417226791,True
779,-7.751012861728668,False
780,-16.832475438714027,False
781,-13.434131890535355,False
782,-8.625641014426947,True
783,-1.6089283116161823,True
784,-0.10151879861950874,True
785,-16.287373438477516,False
786,-11.436514258384705,False
787,-11.207957431674004,False
788,-0.23705168068408966,True
789,-12.46860597282648,False
790,-13.711281731724739,False
791,-0.5688601583242416,True
792,-2.5588753558695316,True
793,-0.49561523273587227,True
794,-15.346877679228783,False
795,-9.435874845832586,False
796,-23.52308091521263,False
797,-15.838136106729507,False
798,-16.983858108520508,False
799,-3.977936416864395,True
800,-12.883670806884766,False
801,-10.903152711689472,False
802,-18.243182197213173,False
803,-15.196406736969948,False
804,-19.24240306019783,False
805,-18.29729913175106,False
806,-0.022679731249809265,True
807,-15.984162256121635,False
808,-7.754021428525448,False
809,-19.733487874269485,False
810,-8.219559326767921,False
811,-0.04660386964678764,True
812,-9.005165368318558,False
813,-20.36472100019455,False
814,-12.209380507469177,False
815,-19.164753027260303,False
816,-12.293213233351707,False
817,-14.59499642252922,False
818,-9.264767460525036,False
819,-11.231172323226929,False
820,-0.04954845830798149,True
821,-9.363011561334133,False
822,-8.584516566246748,True
823,-13.281479835510254,False
824,-16.704071536660194,False
825,-17.353614032268524,False
826,-19.457017838954926,False
827,-19.822672300040722,False
828,-17.935992062091827,False
829,-8.791406638920307,False
830,-12.023437514901161,False
831,-13.305680967867374,False
832,-13.721604853868484,False
833,-12.275809936225414,False
834,-12.147846087813377,False
835,-11.39670717716217,False
836,-11.199482396245003,False
837,-9.240209124982357,False
838,-12.421551614999771,False
839,-15.300491504371166,False
840,-12.85562114417553,False
841,-11.603574857115746,False
842,-4.502078818157315,True
843,-15.070905730128288,False
844,-20.75679348409176,False
845,-21.435264438390732,False
846,-12.97903861105442,False
847,-10.432765133678913,False
848,-10.438757210969925,False
849,-11.51523656398058,False
850,-14.694781616330147,False
851,-12.223511390388012,False
852,-24.871161811053753,False
853,-12.287444896996021,False
854,-13.851770997047424,False
855,-15.701988339424133,False
856,-18.737188391387463,False
857,-11.302379168570042,False
858,-11.151235856115818,False
859,-19.41352081298828,False
860,-14.553451620042324,False
861,-0.07899389788508415,True
862,-8.518456906080246,False
863,-17.69730781763792,False
864,-9.275992266833782,False
865,-17.297034591436386,False
866,-10.652299955487251,False
867,-19.15519428253174,False
868,-0.6503514647483826,True
869,-9.448642075061798,False
870,-11.043536312878132,False
871,-13.538916572928429,False
872,-20.284752622246742,False
873,-6.796524114906788,False
874,-2.0835527554154396,True
875,-13.032143749296665,False
876,-10.556129470467567,False
877,-0.7276423685252666,True
878,-6.7398353554308414,False
879,-14.529966831207275,False
880,-14.405588284134865,False
881,-8.982091285288334,False
882,-15.674993574619293,False
883,-3.8524514213204384,True
884,-6.57560969889164,False
885,-8.327741239219904,False
886,-13.840623646974564,False
887,-14.729960456490517,False
888,-8.401090286672115,False
889,-8.172677479684353,False
890,-8.002459526062012,False
891,-19.35651984810829,False
892,-13.884065389633179,False
893,-12.046504005789757,False
894,-4.168103871867061,True
895,-6.4786445908248425,False
896,-5.871304620057344,False
897,-11.683957353234291,False
898,-15.835155323147774,False
899,-16.069138035178185,False
900,-13.298692360520363,False
901,-9.682836823165417,False
902,-17.033151268959045,False
903,-13.543733641505241,False
904,-1.9503119848668575,True
905,-10.46439228951931,False
906,-11.513165660202503,False
907,-8.888932757079601,False
908,-0.7573017627000809,True
909,-16.183062955737114,False
910,-12.15035305917263,False
911,-14.611825078725815,False
912,-16.205415427684784,False
913,-11.56415269523859,False
914,-15.924473255872726,False
915,-19.009273812174797,False
916,-0.34170883148908615,True
917,-1.997590832412243,True
918,-9.856327295303345,False
919,-20.784504905343056,False
920,-12.346670120954514,False
921,-11.61215265840292,False
922,-0.37190405651926994,True
923,-8.917954623699188,False
924,-13.53492122888565,False
925,-14.757243901491165,False
926,-19.297629207372665,False
927,-13.382174283266068,False
928,-12.550717398524284,False
929,-10.192516461014748,False
930,-12.494530200958252,False
931,-14.86225339770317,False
932,-14.279852911829948,False
933,-15.64936338365078,False
934,-14.081631883978844,False
935,-11.858072057366371,False
936,-14.56514160335064,False
937,-5.160707864910364,True
938,-14.077569007873535,False
939,-12.55645701661706,False
940,-17.299587570130825,False
941,-12.9762694388628,False
942,-13.073150932788849,False
943,-7.686547972261906,False
944,-11.53928829729557,False
945,-14.994518116116524,False
946,-11.454912438988686,False
947,-11.474408905953169,False
948,-7.215624749660492,False
949,-10.776859924197197,False
950,-0.048994287848472595,True
951,-10.420694380998611,False
952,-10.298455998301506,False
953,-12.858552977442741,False
954,-8.768340989947319,False
955,-1.8707840591669083,True
956,-9.411853797733784,False
957,-13.054096594452858,False
958,-13.263060122728348,False
959,-9.428686901926994,False
960,-15.285191401839256,False
961,-0.111019317060709,True
962,-16.907796666026115,False
963,-17.202417612075806,False
964,-10.649032600224018,False
965,-9.040802128612995,False
966,-11.337152533233166,False
967,-0.013486911542713642,True
968,-14.363857477903366,False
969,-9.285423643887043,False
970,-15.917195349931717,False
971,-14.082994475960732,False
972,-12.58683243393898,False
973,-10.518325734883547,False
974,-0.043505847454071045,True
975,-9.087457474321127,False
976,-15.084147170186043,False
977,-10.9262251034379,False
978,-8.600368775427341,False
979,-16.130177907645702,False
980,-10.238813482224941,False
981,-0.3317878358066082,True
982,-1.9217909425497055,True
983,-9.92662002146244,False
984,-0.046278320252895355,True
985,-19.434372320771217,False
986,-13.363788053393364,False
987,-10.727477930486202,False
988,-13.63729802891612,False
989,-12.537528395652771,False
990,-9.954584881663322,False
991,-20.987965315580368,False
992,-3.2424559630453587,True
993,-14.891995564103127,False
994,-12.452483922243118,False
995,-25.125253170728683,False
996,-17.19334389269352,False
997,-17.54106790572405,False
998,-17.64307476580143,False
999,-13.88179537653923,False
1000,-9.560457736253738,False
1001,-2.24795500934124,True
1002,-9.430388174951077,False
1003,-13.883836060762405,False
1004,-22.619964256882668,False
1005,-16.491099543869495,False
1006,-13.111519776284695,False
1007,-14.716618195176125,False
1008,-10.99110508337617,False
1009,-13.887075148522854,False
1010,-3.74178721383214,True
1011,-7.757467895746231,False
1012,-12.065611883997917,False
1013,-6.795071292668581,False
1014,-13.004080355167389,False
1015,-18.203482553362846,False
1016,-10.10378611087799,False
1017,-13.529330231249332,False
1018,-20.19857268035412,False
1019,-7.804797954857349,False
1020,-8.670141249895096,False
1021,-11.328230157494545,False
1022,-13.778557047247887,False
1023,-4.982147704809904,True
1024,-13.15465834736824,False
1025,-14.117934040725231,False
1026,-7.109510950744152,False
1027,-7.4326336570084095,False
1028,-0.3943385034799576,True
1029,-14.059944190084934,False
1030,-2.4461666867136955,True
1031,-6.458130247890949,False
1032,-2.5754849165678024,True
1033,-10.92957690358162,False
1034,-18.45125064253807,False
1035,-10.921186625957489,False
1036,-12.031020984053612,False
1037,-14.334241226315498,False
1038,-7.5213010199368,False
1039,-11.484329491853714,False
1040,-8.87575439363718,False
1041,-15.358375862240791,False
1042,-15.023742020130157,False
1043,-7.570488903671503,False
1044,-10.166963741183281,False
1045,-16.740300208330154,False
1046,-16.253859117627144,False
1047,-6.6479645147919655,False
1048,-11.386166624724865,False
1049,-16.766567215323448,False
1050,-13.481859639286995,False
1051,-1.3859139196574688,True
1052,-9.242451667785645,False
1053,-16.69998136162758,False
1054,-9.722832910716534,False
1055,-9.574005827307701,False
1056,-8.192969478666782,False
1057,-10.869836688041687,False
1058,-16.781203374266624,False
1059,-6.968074060976505,False
1060,-0.40041230246424675,True
1061,-15.292797014117241,False
1062,-17.044961124658585,False
1063,-11.374380871653557,False
1064,-15.377207577228546,False
1065,-10.670177705585957,False
1066,-6.043989010155201,False
1067,-12.686018727719784,False
1068,-16.055672958493233,False
1069,-13.47314127534628,False
1070,-15.823079705238342,False
1071,-20.522368282079697,False
1072,-19.162843748927116,False
1073,-0.5849681757390499,True
1074,-20.249861791729927,False
1075,-13.430414229631424,False
1076,-12.466912098228931,False
1077,-15.695033088326454,False
1078,-12.032738417387009,False
1079,-15.201203152537346,False
1080,-13.03215503692627,False
1081,-18.60218933224678,False
1082,-0.9988141730427742,True
1083,-10.081856802105904,False
1084,-12.804830603301525,False
1085,-11.331983648240566,False
1086,-10.78800854086876,False
1087,-12.882663950324059,False
1088,-13.70909059047699,False
1089,-13.236043892800808,False
1090,-15.890389114618301,False
1091,-19.380345337092876,False
1092,-9.964482255280018,False
1093,-13.859164342284203,False
1094,-10.949723526835442,False
1095,-10.52371135354042,False
1096,-12.838851794600487,False
1097,-12.31208448112011,False
1098,-12.008559174835682,False
1099,-14.491861432790756,False
1100,-18.13889256119728,False
1101,-10.6032974421978,False
1102,-19.61114402115345,False
1103,-9.409735634922981,False
1104,-18.94889260828495,False
1105,-7.493821561336517,False
1106,-10.5649019703269,False
1107,-0.16318527609109879,True
1108,-0.04987560212612152,True
1109,-10.204377681016922,False
1110,-5.080907464027405,True
1111,-9.868543408811092,False
1112,-15.99014726281166,False
1113,-17.41836567223072,False
1114,-18.045792683959007,False
1115,-14.741973042488098,False
1116,-13.856842637062073,False
1117,-18.423933282494545,False
1118,-9.928160324692726,False
1119,-12.416161507368088,False
1120,-9.710729748010635,False
1121,-14.910839304327965,False
1122,-20.13786754012108,False
1123,-13.62416835129261,False
1124,-22.04166230559349,False
1125,-10.150914065539837,False
1126,-10.930587686598301,False
1127,-15.95402880012989,False
1128,-13.412561520934105,False
1129,-20.16092424094677,False
1130,-9.508928321301937,False
1131,-12.797512046992779,False
1132,-9.24978243559599,False
1133,-17.275451213121414,False
1134,-8.23099372535944,False
1135,-9.347145229578018,False
1136,-0.10700614750385284,True
1137,-11.846981398761272,False
1138,-16.30773340910673,False
1139,-11.99374470114708,False
1140,-13.482833102345467,False
1141,-11.291044250130653,False
1142,-10.631325826048851,False
1143,-15.141732722520828,False
1144,-0.3185834176838398,True
1145,-0.6069422587752342,True
1146,-13.081835299730301,False
1147,-11.68852985650301,False
1148,-9.332469627261162,False
1149,-11.836301065981388,False
1150,-14.384853057563305,False
1151,-2.3581740483641624,True
1152,-14.032618269324303,False
1153,-11.774367213249207,False
1154,-9.95028855651617,False
1155,-12.061597812920809,False
1156,-9.148911148309708,False
1157,-5.38319394364953,False
1158,-11.86895702779293,False
1159,-7.50023826956749,False
1160,-0.022547611966729164,True
1161,-14.030860975384712,False
1162,-7.194112725555897,False
1163,-9.272250570356846,False
1164,-13.499831557273865,False
1165,-14.422475963830948,False
1166,-10.194982811808586,False
1167,-0.4231879636645317,True
1168,-10.37335242331028,False
1169,-0.35123375430703163,True
1170,-9.051946081221104,False
1171,-2.2912435680627823,True
1172,-0.23581182397902012,True
1173,-13.584417834877968,False
1174,-0.030954886227846146,True
1175,-9.888418480753899,False
1176,-17.51073693484068,False
1177,-14.714073598384857,False
1178,-0.11479003727436066,True
1179,-5.927555903792381,False
1180,-9.708538711071014,False
1181,-6.024731062352657,False
1182,-17.693302512168884,False
1183,-10.666846707463264,False
1184,-26.624723732471466,False
1185,-12.156964913010597,False
1186,-15.10158060491085,False
1187,-12.466221392154694,False
1188,-2.539316114038229,True
1189,-17.296009927988052,False
1190,-8.510842397809029,False
1191,-14.50149480998516,False
1192,-8.153418637812138,False
1193,-9.372390829026699,False
1194,-6.2958669885993,False
1195,-13.040612876415253,False
1196,-13.818538874387741,False
1197,-2.5611151196062565,True
1198,-17.653402224183083,False
1199,-3.1939692087471485,True
1200,-15.924823485314846,False
1201,-19.030921801924706,False
1202,-10.38570973277092,False
1203,-0.11873593181371689,True
1204,-19.640338763594627,False
1205,-11.484795436263084,False
1206,-12.516855478286743,False
1207,-16.05111962556839,False
1208,-13.013523690402508,False
1209,-10.364154405891895,False
1210,-2.208593040704727,True
1211,-10.249045923352242,False
1212,-18.312081895768642,False
1213,-17.972143694758415,False
1214,-6.752303242683411,False
1215,-8.924256257712841,False
1216,-10.246449831873178,False
1217,-14.718399599194527,False
1218,-12.115951269865036,False
1219,-3.626104112714529,True
1220,-8.7212132550776,False
1221,-15.549997307360172,False
1222,-15.829432636499405,False
1223,-11.878833711147308,False
1224,-12.730298087000847,False
1225,-4.246108904480934,True
1226,-17.653998494148254,False
1227,-14.920075550675392,False
1228,-14.254962384700775,False
1229,-0.04228641837835312,True
1230,-9.83855314552784,False
1231,-0.22550121508538723,True
1232,-8.18503301218152,False
1233,-20.664487540721893,False
1234,-13.009132094681263,False
1235,-11.768176391720772,False
1236,-15.620497427880764,False
1237,-11.405609332025051,False
1238,-13.012059569358826,False
1239,-19.122562915086746,False
1240,-15.286360621452332,False
1241,-11.81686407327652,False
1242,-13.521898433566093,False
1243,-12.719930358231068,False
1244,-6.070414170622826,False
1245,-11.554629892110825,False
1246,-0.13691527768969536,True
1247,-0.4118528664112091,True
1248,-14.996245048940182,False
1249,-12.22097847610712,False
1250,-15.07191677391529,False
1251,-18.024190202355385,False
1252,-13.52781654894352,False
1253,-18.211182311177254,False
1254,-9.15134409070015,False
1255,-0.3153231032192707,True
1256,-4.371429290622473,True
1257,-0.5073337331414223,True
1258,-16.86572689563036,False
1259,-9.669828750193119,False
1260,-11.960593238472939,False
1261,-15.510285168886185,False
1262,-10.665191695094109,False
1263,-13.254317171871662,False
1264,-11.340018898248672,False
1265,-9.073544338345528,False
1266,-12.189250025898218,False
1267,-10.302723415195942,False
1268,-16.244592018425465,False
1269,-14.283874087035656,False
1270,-15.189193174242973,False
1271,-7.6033705323934555,False
1272,-17.003098532557487,False
1273,-8.32437289506197,False
1274,-13.932789199054241,False
1275,-13.963264092803001,False
1276,-13.655187636613846,False
1277,-10.399515882134438,False
1278,-15.100766494870186,False
1279,-15.041891172528267,False
1280,-11.307141318917274,False
1281,-0.2825784832239151,True
1282,-8.437139071524143,False
1283,-13.7353740260005,False
1284,-10.287348367273808,False
1285,-10.29714561253786,False
1286,-15.128538593649864,False
1287,-10.990419648587704,False
1288,-0.04653944447636604,True
1289,-12.56786485388875,False
1290,-16.819870620965958,False
1291,-17.18835288286209,False
1292,-0.04893976077437401,True
1293,-9.15831134468317,False
1294,-13.895346567034721,False
1295,-17.27944576740265,False
1296,-8.867593180388212,False
1297,-15.987893462181091,False
1298,-0.36638210713863373,True
1299,-7.520245179533958,True
1300,-0.1021481566131115,True
1301,-1.375007651746273,True
1302,-10.333065263926983,False
1303,-15.375723332166672,False
1304,-2.5759834721684456,True
1305,-16.986214078962803,False
1306,-12.027826353907585,False
1307,-0.9076973106712103,True
1308,-10.234482780098915,False
1309,-9.08511371165514,False
1310,-22.653773218393326,False
1311,-0.08176710829138756,True
1312,-4.340050708502531,True
1313,-6.417293306440115,False
1314,-12.840438589453697,False
1315,-12.719113983213902,False
1316,-14.5347231477499,False
1317,-22.214785739779472,False
1318,-0.03276904299855232,True
1319,-22.215571597218513,False
1320,-1.6078139804303646,True
1321,-9.296327091753483,False
1322,-9.548915691673756,False
1323,-7.8318295776844025,False
1324,-0.8125056941062212,True
1325,-13.626379050314426,False
1326,-17.97251495718956,False
1327,-10.73836911469698,False
1328,-12.448886066675186,False
1329,-10.209048885852098,True
1330,-15.060820698738098,False
1331,-17.121432423591614,False
1332,-7.732913941144943,False
1333,-0.7278365790843964,True
1334,-9.03264106810093,False
1335,-14.512218177318573,False
1336,-2.6313366740942,True
1337,-15.842680484056473,False
1338,-15.063758708536625,False
1339,-15.566839009523392,False
1340,-20.701112508773804,False
1341,-8.823847107589245,False
1342,-15.747788421809673,False
1343,-7.595350243151188,False
1344,-16.60060141980648,False
1345,-15.543012514710426,False
1346,-16.743988700211048,False
1347,-11.675628289580345,False
1348,-12.334569416940212,False
1349,-15.791343584656715,False
1350,-11.672603264451027,False
1351,-14.438144966959953,False
1352,-14.604340612888336,False
1353,-0.1876293532550335,True
1354,-15.262999907135963,False
1355,-10.450695350766182,False
1356,-15.964795857667923,False
1357,-12.30912934243679,False
1358,-0.3285132609307766,True
1359,-13.324742630124092,False
1360,-7.455482117831707,False
1361,-19.15259237587452,False
1362,-8.008803181350231,False
1363,-12.351309180259705,False
1364,-14.56572699546814,False
1365,-0.9839473143219948,True
1366,-11.278099089860916,False
1367,-0.8747242800891399,True
1368,-17.196644701063633,False
1369,-13.172293789684772,False
1370,-6.591598533093929,False
1371,-16.126138538122177,False
1372,-13.219287976622581,False
1373,-7.638391133397818,False
1374,-12.47261394560337,False
1375,-17.818302303552628,False
1376,-16.673665687441826,False
1377,-0.21553309634327888,True
1378,-3.8079581148922443,True
1379,-0.9362833760678768,True
1380,-11.81751899421215,False
1381,-7.152694948017597,False
1382,-15.244200833141804,False
1383,-18.152485869824886,False
1384,-7.19101220369339,False
1385,-5.655110154300928,True
1386,-0.4383774511516094,True
1387,-18.65106838941574,False
1388,-6.840239342302084,False
1389,-12.64275574684143,False
1390,-20.302091017365456,False
1391,-10.802056357264519,False
1392,-10.897080823779106,False
1393,-4.602341111749411,True
1394,-19.124471999704838,False
1395,-16.09422953426838,False
1396,-16.650623932480812,False
1397,-0.20182809606194496,True
1398,-17.54143476486206,False
1399,-16.786039382219315,False
1400,-14.201173350214958,False
1401,-18.177199140191078,False
1402,-15.331317618489265,False
1403,-7.7334341034293175,False
1404,-12.178978331387043,False
1405,-14.370839521288872,False
1406,-8.626459740102291,False
1407,-8.814128577709198,False
1408,-12.60967656224966,False
1409,-3.0433825217187405,True
1410,-9.74452155828476,False
1411,-12.022955551743507,False
1412,-5.757023073732853,False
1413,-7.629945568740368,False
1414,-12.95971567928791,False
1415,-10.801164098083973,False
1416,-7.986251041293144,False
1417,-10.267037779092789,False
1418,-8.13677305355668,False
1419,-11.282199189066887,False
1420,-15.466409154236317,False
1421,-14.066385760903358,False
1422,-16.457381293177605,False
1423,-10.14209671318531,False
1424,-2.147287078201771,True
1425,-18.66229835152626,False
1426,-14.370521634817123,False
1427,-14.969833746552467,False
1428,-13.353106141090393,False
1429,-10.9230190590024,False
1430,-11.099457070231438,True
1431,-19.45549985766411,False
1432,-18.382401823997498,False
1433,-15.267835140228271,False
1434,-11.717536002397537,False
1435,-11.184338055551052,False
1436,-9.700497604906559,False
1437,-14.039464622735977,False
1438,-17.917364209890366,False
1439,-20.4271240234375,False
1440,-11.825737178325653,False
1441,-11.368525974452496,False
1442,-8.847217723727226,False
1443,-11.01077925413847,False
1444,-11.05098533257842,False
1445,-12.202000573277473,False
1446,-4.080150306224823,True
1447,-4.9235038831830025,True
1448,-15.598593451082706,False
1449,-11.401218093931675,False
1450,-5.830130260437727,True
1451,-10.447734005749226,False
1452,-19.986954778432846,False
1453,-13.8697365000844,False
1454,-10.531071200966835,False
1455,-3.3147537410259247,True
1456,-15.171236664056778,False
1457,-15.769052103161812,False
1458,-7.4060844630002975,False
1459,-11.08142901211977,False
1460,-19.162407144904137,False
1461,-17.45661275088787,False
1462,-16.92828868329525,False
1463,-12.801221057772636,False
1464,-8.39084878563881,False
1465,-14.853974297642708,False
1466,-15.57413426041603,False
1467,-8.534655451774597,False
1468,-0.2092132233083248,True
1469,-2.0996794179081917,True
1470,-0.42056144028902054,True
1471,-8.060703601688147,False
1472,-6.428829979151487,False
1473,-12.266224950551987,False
1474,-9.196322321891785,False
1475,-8.196968249976635,False
1476,-13.358058989048004,False
1477,-12.113738000392914,False
1478,-14.77810125052929,False
1479,-13.675477042794228,False
1480,-9.666818208992481,False
1481,-10.441787548363209,False
1482,-1.5519293397665024,True
1483,-7.975671969354153,False
1484,-12.248245805501938,False
1485,-0.040067799389362335,True
1486,-11.80289040505886,False
1487,-14.241795793175697,False
1488,-1.068805519491434,True
1489,-0.03719749674201012,True
1490,-8.713503740727901,False
1491,-10.677957087755203,False
1492,-10.480269026011229,False
1493,-17.626681864261627,False
1494,-0.046881649643182755,True
1495,-12.928327940404415,False
1496,-8.2141203135252,False
1497,-1.2690255381166935,True
1498,-11.344283729791641,False
1499,-13.061115577816963,False
1500,-14.197202801704407,False
1501,-11.289061687886715,False
1502,-10.619663007557392,False
1503,-17.538978084921837,False
1504,-8.496413923799992,False
1505,-13.376144796609879,False
1506,-0.7691513262689114,True
1507,-8.643315136432648,False
1508,-11.065683603286743,False
1509,-8.80513221770525,False
1510,-7.225530456751585,False
1511,-16.45187970995903,False
1512,-13.021754533052444,False
1513,-16.604123450815678,False
1514,-12.340426951646805,False
1515,-12.710421077907085,False
1516,-6.350307583808899,False
1517,-23.034658789634705,False
1518,-13.527891755104065,False
1519,-13.463830098509789,False
1520,-13.045792795717716,False
1521,-15.7935576364398,False
1522,-10.87955904006958,False
1523,-12.550467297434807,False
1524,-1.4487535916268826,True
1525,-3.3555098362267017,True
1526,-5.93604302406311,False
1527,-0.8558859117329121,True
1528,-13.063360340893269,False
1529,-14.331418741494417,False
1530,-13.701558366417885,False
1531,-0.1738479770720005,True
1532,-12.228260472416878,False
1533,-13.009224072098732,False
1534,-13.05888157337904,False
1535,-7.606414191424847,False
1536,-8.543394472450018,False
1537,-11.739378958940506,False
1538,-16.172385901212692,False
1539,-15.112287916243076,False
1540,-8.968100778758526,False
1541,-11.45044581592083,False
1542,-0.23338638432323933,True
1543,-10.447966769337654,False
1544,-9.237148255109787,False
1545,-11.790941894054413,False
1546,-1.7044894099235535,True
1547,-11.878246657550335,False
1548,-12.007741019129753,False
1549,-5.524977333843708,False
1550,-14.91618275642395,False
1551,-11.488497696816921,False
1552,-16.399439707398415,False
1553,-14.216454267501831,False
1554,-18.680326908826828,False
1555,-1.2522809617221355,True
1556,-14.643893629312515,False
1557,-17.00431066006422,False
1558,-10.24586833268404,False
1559,-9.335015967488289,False
1560,-13.429725930094719,False
1561,-16.77457658946514,False
1562,-16.447379499673843,False
1563,-11.727272003889084,False
1564,-13.75006976723671,False
1565,-2.5619341172277927,True
1566,-19.446600392460823,False
1567,-1.4291902668774128,True
1568,-6.926069837063551,False
1569,-16.93932545185089,False
1570,-0.017798222601413727,True
1571,-8.307980597019196,False
1572,-12.139412231743336,False
1573,-0.4565550126135349,True
1574,-4.610328581184149,True
1575,-9.607198685407639,False
1576,-14.908016085624695,False
1577,-14.198675863444805,False
1578,-9.595259383320808,False
1579,-11.009452432394028,False
1580,-13.221127040684223,False
1581,-0.20783063769340515,True
1582,-15.879453271627426,False
1583,-5.603081032633781,False
1584,-20.22908280789852,False
1585,-17.90154440701008,False
1586,-6.654239520430565,False
1587,-19.425180211663246,False
1588,-17.260879568755627,False
1589,-16.045008271932602,False
1590,-8.948032937943935,False
1591,-24.562181919813156,False
1592,-14.37764723598957,False
1593,-0.33798859268426895,True
1594,-16.023320987820625,False
1595,-13.521759822964668,False
1596,-0.564619205892086,True
1597,-7.115478813648224,False
1598,-8.157392762601376,False
1599,-9.87499113380909,False
1600,-8.126126062124968,False
1601,-17.069497674703598,False
1602,-14.331320211291313,False
1603,-10.262033864855766,True
1604,-10.475398302078247,False
1605,-9.063679322600365,False
1606,-2.423048533964902,True
1607,-7.505939312279224,False
1608,-11.48412624001503,False
1609,-0.04759448766708374,True
1610,-15.201031103730202,False
1611,-7.212200943380594,True
1612,-13.910486698150635,False
1613,-11.11877203732729,False
1614,-6.804885942488909,False
1615,-11.798758462071419,False
1616,-14.80884101986885,False
1617,-9.365252286195755,False
1618,-10.509087845683098,False
1619,-12.165983766317368,False
1620,-0.04104886204004288,True
1621,-10.647854574024677,False
1622,-8.696627110242844,False
1623,-8.990168258547783,False
1624,-11.968131624162197,False
1625,-10.942043796181679,False
1626,-10.49166265130043,False
1627,-6.502001378685236,True
1628,-8.512341141700745,False
1629,-11.646473035216331,False
1630,-13.4768685400486,False
1631,-12.465418823063374,False
1632,-16.33015352487564,False
1633,-11.909573517739773,False
1634,-8.993270382285118,False
1635,-12.125713407993317,False
1636,-14.042764414101839,False
1637,-0.29063303396105766,True
1638,-16.822214767336845,False
1639,-13.320508882403374,False
1640,-12.990969903767109,False
1641,-11.622671365737915,False
1642,-11.853185191750526,False
1643,-10.472788974642754,False
1644,-17.883622020483017,False
1645,-18.155353844165802,False
1646,-14.731848552823067,False
1647,-17.278153717517853,False
1648,-11.88326658308506,False
1649,-9.247492264956236,False
1650,-13.934937089681625,False
1651,-14.368941634893417,False
1652,-10.756762810051441,False
1653,-12.865723580121994,False
1654,-13.548972114920616,False
1655,-9.371574431657791,False
1656,-11.439324215054512,False
1657,-8.258976362645626,False
1658,-9.404422268271446,False
1659,-11.852292269468307,False
1660,-8.217569045722485,False
1661,-7.990781202912331,False
1662,-19.604919411242008,False
1663,-12.041164860129356,False
1664,-7.826139330863953,False
1665,-17.176515072584152,False
1666,-14.990969598293304,False
1667,-13.838207334280014,False
1668,-3.7741159796714783,True
1669,-12.99911367893219,False
1670,-12.834922894835472,False
1671,-14.768832176923752,False
1672,-11.79652750492096,False
1673,-18.7011885792017,False
1674,-14.737644210457802,False
1675,-12.405108936131,False
1676,-7.438590943813324,True
1677,-6.421233896166086,True
1678,-12.569911003112793,False
1679,-12.927905157208443,False
1680,-14.664798095822334,False
1681,-13.79682432115078,False
1682,-10.85904860496521,False
1683,-13.700592190027237,False
1684,-3.7783607356250286,True
1685,-0.7227473221719265,True
1686,-13.290478616952896,False
1687,-14.939618960022926,False
1688,-10.943863496184349,False
1689,-0.7402548603713512,True
1690,-13.749803468585014,False
1691,-20.333609968423843,False
1692,-1.7274475172162056,True
1693,-15.807952962815762,False
1694,-16.568058654665947,False
1695,-16.37511733174324,False
1696,-1.8267565611749887,True
1697,-13.730991914868355,False
1698,-16.272852316498756,False
1699,-14.46089056134224,False
1700,-0.9154843837022781,True
1701,-12.332321360707283,False
1702,-22.562992937862873,False
1703,-14.890533044934273,False
1704,-8.563455685973167,False
1705,-16.429805234074593,False
1706,-18.80957528948784,False
1707,-17.899258852005005,False
1708,-17.837996765971184,False
1709,-10.522698603570461,False
1710,-15.683032169938087,False
1711,-11.455932274460793,False
1712,-0.11398473754525185,True
1713,-15.62773783504963,False
1714,-14.496227741241455,False
1715,-12.346223890781403,False
1716,-7.361357405781746,False
1717,-10.228164233267307,False
1718,-12.645370736718178,False
1719,-11.970361948013306,False
1720,-0.8407167233526707,True
1721,-12.525558918714523,False
1722,-11.503732934594154,False
1723,-13.984267830848694,False
1724,-0.11461314186453819,True
1725,-18.76283098757267,False
1726,-20.12703163921833,False
1727,-9.689598381519318,False
1728,-10.10276859998703,False
1729,-13.362597942352295,False
1730,-2.610829245299101,True
1731,-20.992068961262703,False
1732,-10.216304302215576,False
1733,-12.569257035851479,False
1734,-11.625586301088333,False
1735,-16.463456489145756,False
1736,-12.964643254876137,False
1737,-13.598937392234802,False
1738,-13.369037836790085,False
1739,-9.792800776660442,False
1740,-15.389909714460373,False
1741,-12.83512432873249,False
1742,-18.58304789662361,False
1743,-17.698276534676552,False
1744,-9.398484103381634,False
1745,-17.406851023435593,False
1746,-15.7459497153759,False
1747,-10.020540945231915,False
1748,-13.249498918652534,False
1749,-16.983170427381992,False
1750,-2.418825451284647,True
1751,-12.156036272644997,False
1752,-8.330770328640938,False
1753,-15.050496727228165,False
1754,-11.132689222693443,False
1755,-8.916561245918274,False
1756,-14.222190085798502,False
1757,-1.5070740561932325,True
1758,-11.68392039090395,False
1759,-19.248353496193886,False
1760,-13.738765820860863,False
1761,-9.72620539367199,False
1762,-18.859409406781197,False
1763,-17.209161922335625,False
1764,-14.172032684087753,False
1765,-15.748349621891975,False
1766,-14.232571959495544,False
1767,-13.254089407622814,False
1768,-12.131521172821522,False
1769,-4.906805541366339,True
1770,-15.933819442987442,False
1771,-11.52191537618637,False
1772,-0.1084027998149395,True
1773,-0.04030093923211098,True
1774,-8.436469279229641,False
1775,-16.814955815672874,False
1776,-12.188548862934113,False
1777,-8.048983253538609,False
1778,-15.491752952337265,False
1779,-12.978168070316315,False
1780,-8.716108813881874,False
1781,-13.800898373126984,False
1782,-12.586746349930763,False
1783,-7.1307432278990746,False
1784,-12.83534660935402,False
1785,-12.226889833807945,False
1786,-18.106097027659416,False
1787,-9.111268505454063,False
1788,-13.973425179719925,False
1789,-1.0307051502168179,True
1790,-17.121983125805855,False
1791,-14.535019516944885,False
1792,-19.71372063457966,False
1793,-8.294574037194252,False
1794,-10.968928165733814,False
1795,-0.041708167642354965,True
1796,-18.016677528619766,False
1797,-0.5491830706596375,True
1798,-11.92541192471981,False
1799,-12.896511524915695,False
1800,-14.35036502033472,False
1801,-7.194856807589531,False
1802,-14.382860362529755,False
1803,-2.154312986880541,True
1804,-1.309516429901123,True
1805,-8.079230412840843,False
1806,-3.0131412371993065,True
1807,-13.5283744931221,False
1808,-2.5154031813144684,True
1809,-10.064371179789305,False
1810,-13.03454202413559,False
1811,-18.212950319051743,False
1812,-15.241486571729183,False
1813,-11.169863946735859,False
1814,-16.546225011348724,False
1815,-12.229191049933434,False
1816,-14.530226737260818,False
1817,-8.661786265671253,False
1818,-6.949208851903677,False
1819,-6.317473147064447,False
1820,-7.758908715099096,False
1821,-8.551597870886326,False
1822,-2.8627227060496807,True
1823,-10.45104045048356,False
1824,-7.420385085046291,False
1825,-20.163952015340328,False
1826,-13.843138068914413,False
1827,-9.776382513344288,False
1828,-9.33931514620781,False
1829,-16.603918328881264,False
1830,-8.843981444835663,False
1831,-13.88762704282999,False
1832,-16.6222016364336,False
1833,-3.594619531184435,True
1834,-10.432971812784672,False
1835,-10.619626604020596,False
1836,-13.57508571445942,False
1837,-0.3078959472477436,True
1838,-9.948296204209328,False
1839,-19.43134553730488,False
1840,-14.783015966415405,False
1841,-12.821349292993546,False
1842,-0.47446591034531593,True
1843,-12.632754147052765,False
1844,-13.482438065111637,False
1845,-11.59529011696577,False
1846,-11.815665870904922,False
1847,-5.476919312030077,True
1848,-13.768157705664635,False
1849,-15.973550736904144,False
1850,-14.656559333205223,False
1851,-20.592904195189476,False
1852,-14.640896923840046,False
1853,-13.878804326057434,False
1854,-11.10003513097763,False
1855,-7.4528811648488045,False
1856,-7.523069806396961,False
1857,-9.270767323672771,False
1858,-7.694613620638847,False
1859,-6.1924039125442505,False
1860,-15.08381374180317,False
1861,-0.023692918941378593,True
1862,-10.998818937689066,False
1863,-7.454691730439663,False
1864,-2.134479336440563,True
1865,-11.229208424687386,False
1866,-14.803223818540573,False
1867,-17.261231407523155,False
1868,-13.577868238091469,False
1869,-10.731923431158066,False
1870,-12.602688193321228,False
1871,-6.414824586361647,False
1872,-13.669916212558746,False
1873,-18.34906804561615,False
1874,-12.461229890584946,False
1875,-2.8977938778698444,True
1876,-8.454779960215092,False
1877,-12.734697088599205,False
1878,-11.933334633708,False
1879,-10.539418552070856,False
1880,-3.5788409635424614,True
1881,-9.461567804217339,False
1882,-13.442580133676529,False
1883,-14.932385638356209,False
1884,-12.493201225996017,False
1885,-9.070558577775955,False
1886,-20.029912263154984,False
1887,-11.34623010456562,False
1888,-12.108471669256687,False
1889,-15.6967181712389,False
1890,-4.7933717630803585,True
1891,-14.642762668430805,False
1892,-10.384293630719185,False
1893,-0.5619805101305246,True
1894,-14.790717154741287,False
1895,-15.02634459733963,False
1896,-11.358861796557903,False
1897,-3.3743994496762753,True
1898,-15.487124189734459,False
1899,-0.5277251042425632,True
1900,-12.721400320529938,False
1901,-11.806777477264404,False
1902,-11.916889354586601,False
1903,-16.23047685623169,False
1904,-14.826576709747314,False
1905,-9.681990124285221,False
1906,-6.695615101605654,False
1907,-9.581531643867493,False
1908,-11.507478065788746,False
1909,-7.035057745873928,False
1910,-10.156472653150558,False
1911,-17.486727848649025,False
1912,-12.327984862029552,False
1913,-6.498211428523064,False
1914,-12.161434195935726,False
1915,-6.278705721721053,True
1916,-9.762510366737843,False
1917,-1.1200179047882557,True
1918,-1.7867623530328274,True
1919,-13.036840230226517,False
1920,-2.076075891032815,True
1921,-13.125811584293842,False
1922,-12.725014708936214,False
1923,-9.375484049320221,False
1924,-13.100811213254929,False
1925,-0.040903426706790924,True
1926,-18.36208049952984,False
1927,-7.740784242749214,False
1928,-12.449475787580013,False
1929,-5.290261227637529,True
1930,-0.08738717809319496,True
1931,-17.434911742806435,False
1932,-15.284422367811203,False
1933,-0.2669489551335573,True
1934,-0.38763690181076527,True
1935,-0.027376282960176468,True
1936,-12.71100714057684,False
1937,-5.113529779016972,False
1938,-11.82770598679781,False
1939,-18.992930099368095,False
1940,-0.7297984473407269,True
1941,-20.74234414100647,False
1942,-4.774799961596727,True
1943,-22.06049719452858,False
1944,-10.889185070991516,False
1945,-11.719577819108963,False
1946,-10.608127724379301,False
1947,-13.43079049140215,False
1948,-14.648698151111603,False
1949,-16.648459784686565,False
1950,-12.222817577421665,False
1951,-15.968815550208092,False
1952,-9.403132110834122,False
1953,-7.939489342272282,False
1954,-0.43206343799829483,True
1955,-9.462794244289398,False
1956,-11.751425176858902,False
1957,-12.840004414319992,False
1958,-9.872950002551079,False
1959,-8.533282443881035,False
1960,-1.770672783255577,True
1961,-12.682538114488125,False
1962,-1.9020145181566477,True
1963,-16.430859066545963,False
1964,-16.116754055023193,False
1965,-20.24091400206089,False
1966,-15.662668272852898,False
1967,-18.11127144098282,False
1968,-8.899577140808105,False
1969,-10.35899518430233,False
1970,-10.91227626055479,False
1971,-16.401048094034195,False
1972,-9.986691430211067,False
1973,-13.279152013361454,False
1974,-0.8667738698422909,True
1975,-18.411847427487373,False
1976,-15.459931552410126,False
1977,-9.56628854572773,False
1978,-9.34092502295971,False
1979,-8.928401373326778,False
1980,-5.561574175953865,True
1981,-11.267383717000484,False
1982,-0.4418196827173233,True
1983,-14.509569235146046,False
1984,-19.98021275550127,False
1985,-14.74847087264061,False
1986,-10.957001104950905,False
1987,-13.123758926987648,False
1988,-10.85964436084032,False
1989,-13.842950373888016,False
1990,-9.816290244460106,False
1991,-13.543160520493984,False
1992,-14.747848242521286,False
1993,-8.261116236448288,False
1994,-12.40069442987442,False
1995,-12.718547150492668,False
1996,-17.704322576522827,False
1997,-12.436891883611679,False
1998,-19.128412276506424,False
1999,-1.6998666897416115,True
2000,-13.532231785356998,False
2001,-7.828361202031374,False
